ChEMBL ID,Name,Smiles,CX LogP,QED Weighted,HBA (Lipinski),HBD (Lipinski),Polar Surface Area,#Rotatable Bonds,Aromatic Rings
CHEMBL4242404,,N[C@@H](Cc1cccnc1)C(=O)O,-2.4,0.66,4.0,3.0,76.21,3.0,1.0
CHEMBL170052,IBAFLOXACIN,Cc1c(F)cc2c(=O)c(C(=O)O)cn3c2c1CCC3C,2.93,0.87,4.0,1.0,59.3,1.0,2.0
CHEMBL1770350,,O=C(O)CCC(=O)CNC(=O)CC(F)(F)F,-0.11,0.71,5.0,2.0,83.47,6.0,0.0
CHEMBL11599,,NC(CCCSc1cc(Cl)ccc1O)C(=O)O,0.01,0.55,4.0,4.0,83.55,6.0,1.0
CHEMBL1682539,,CS(=O)(=O)c1ccc(/C(=C\c2ccccc2)C(=O)O)cc1,2.64,0.7,4.0,1.0,71.44,4.0,2.0
CHEMBL202527,,CC(C)(CC(=O)O)Cc1nc(CCCc2ccc3c(n2)NCCC3)no1,0.97,0.75,7.0,2.0,101.14,8.0,2.0
CHEMBL1200356,CYCLACILLIN,CC1(C)S[C@@H]2[C@H](NC(=O)C3(N)CCCCC3)C(=O)N2[C@H]1C(=O)O,-1.91,0.64,7.0,4.0,112.73,3.0,0.0
CHEMBL1201130,BETAINE HYDROCHLORIDE,C[N+](C)(C)CC(=O)O.[Cl-],-4.49,0.51,3.0,1.0,37.3,2.0,0.0
CHEMBL2062262,METARAMINOL BITARTRATE,C[C@H](N)[C@H](O)c1cccc(O)c1.O=C(O)C(O)C(O)C(=O)O,-0.05,0.61,3.0,4.0,66.48,2.0,1.0
CHEMBL3545257,MIROGABALIN BESYLATE,CCC1=C[C@@H]2[C@H](C1)C[C@]2(CN)CC(=O)O.O=S(=O)(O)c1ccccc1,-1.28,0.69,3.0,3.0,63.32,4.0,0.0
CHEMBL1320667,VGX-1027,O=C(O)CC1CC(c2ccccc2)=NO1,1.34,0.82,4.0,1.0,58.89,3.0,1.0
CHEMBL4283484,,O=C(O)c1ccc(C(=O)N2CCCC3=C[C@H]4C[C@H](CN5CCCC[C@H]45)[C@@H]32)cc1,0.04,0.8,5.0,1.0,60.85,2.0,1.0
CHEMBL1200599,DIFENOXIN HYDROCHLORIDE,Cl.N#CC(CCN1CCC(C(=O)O)(c2ccccc2)CC1)(c1ccccc1)c1ccccc1,2.65,0.58,4.0,1.0,64.33,7.0,3.0
CHEMBL1086895,,CCOC(=O)[C@H](CCc1ccccc1)N[C@@H](C)C(=O)N1CCC[C@@H]1C(=O)O,0.59,0.64,7.0,2.0,95.94,9.0,1.0
CHEMBL451875,ISOOCHRACINIC ACID,O=C(O)CC1OC(=O)c2c(O)cccc21,1.65,0.71,5.0,2.0,83.83,2.0,1.0
CHEMBL4100286,,COc1ccc2c(n1)CCN(C(=O)CCCC(=O)O)[C@H]2C(=O)Nc1cc(F)c2c(c1)CCC2(C)C,3.46,0.62,8.0,2.0,108.83,7.0,2.0
CHEMBL4081647,,O=C(NO)c1ccc(Cn2c3c(c4ccccc42)C2CCN(C3)C2)cc1.O=C(O)C(F)(F)F,2.43,0.57,5.0,2.0,57.5,3.0,3.0
CHEMBL4169167,,COc1ccc2nc3c(C(=O)O)cccc3nc2c1,2.56,0.71,5.0,1.0,72.31,2.0,3.0
CHEMBL3912403,,COc1cc(-c2ccnc(C(=O)O)n2)ccc1C,0.63,0.9,5.0,1.0,72.31,3.0,2.0
CHEMBL3948107,,O=C(O)c1nccc(-c2ccccc2C(F)(F)F)n1,1.2,0.91,4.0,1.0,63.08,2.0,2.0
CHEMBL4160419,,C[C@H](CS)C(=O)N[C@H](Cc1ccc(O)cc1)C(=O)O,1.81,0.59,5.0,3.0,86.63,6.0,1.0
CHEMBL2107495,TEMAFLOXACIN HYDROCHLORIDE,CC1CN(c2cc3c(cc2F)c(=O)c(C(=O)O)cn3-c2ccc(F)cc2F)CCN1.Cl,1.06,0.69,6.0,2.0,74.57,3.0,3.0
CHEMBL4103180,,Cl.O=C(O)[C@@H]1C[C@@H](Cc2ccc(F)cc2)CN1,-0.48,0.81,3.0,2.0,49.33,3.0,1.0
CHEMBL3989075,,CCc1cc2c(NC(CC(C)C)C(=O)O)nc(C)nc2s1,3.32,0.85,5.0,2.0,75.11,6.0,2.0
CHEMBL211607,,CCN(CC)CCNc1ccccc1S(=O)(=O)Nc1ccc2c(c1C(=O)O)CCCC2,1.05,0.51,7.0,3.0,98.74,10.0,2.0
CHEMBL1229243,,O=C(O)CC(NC(=O)CCC(=O)Nc1ccc2c(c1)CNCC2)c1ccc(F)cc1,-0.78,0.53,7.0,4.0,107.53,8.0,2.0
CHEMBL115068,,NCc1ccc(-c2nc3cc(C(=O)NCCC(=O)O)ccc3[nH]2)cc1,-1.07,0.55,7.0,5.0,121.1,6.0,3.0
CHEMBL436,TOLRESTAT,COc1ccc2c(C(=S)N(C)CC(=O)O)cccc2c1C(F)(F)F,3.35,0.85,4.0,1.0,49.77,4.0,2.0
CHEMBL2358618,,O=C(O)CC(c1ccc(Br)cc1)N1Cc2ccccc2C1=O,3.29,0.91,4.0,1.0,57.61,4.0,2.0
CHEMBL29292,UBENIMEX,CC(C)C[C@H](NC(=O)[C@@H](O)[C@H](N)Cc1ccccc1)C(=O)O,-1.1,0.56,6.0,5.0,112.65,8.0,1.0
CHEMBL1169,AMINOSALICYLIC ACID,Nc1ccc(C(=O)O)c(O)c1,0.83,0.52,4.0,4.0,83.55,1.0,1.0
CHEMBL1200974,CARBINOXAMINE MALEATE,CN(C)CCOC(c1ccc(Cl)cc1)c1ccccn1.O=C(O)/C=C\C(=O)O,3.27,0.82,3.0,0.0,25.36,6.0,2.0
CHEMBL4164547,,O=C(O)[C@@H](O)Cc1nc2sc3c(c2c(=O)[nH]1)CCC3,0.66,0.76,6.0,3.0,103.28,3.0,2.0
CHEMBL701,BACLOFEN,NCC(CC(=O)O)c1ccc(Cl)cc1,-0.78,0.8,3.0,3.0,63.32,4.0,1.0
CHEMBL1232132,DIBROMOTYROSINE,N[C@@H](Cc1cc(Br)c(O)c(Br)c1)C(=O)O,0.05,0.79,4.0,4.0,83.55,3.0,1.0
CHEMBL1870777,,O=C(O)CCCC1(C(=O)O)CCCC1,2.02,0.71,4.0,2.0,74.6,5.0,0.0
CHEMBL575,METHICILLIN,COc1cccc(OC)c1C(=O)N[C@@H]1C(=O)N2[C@@H]1SC(C)(C)[C@@H]2C(=O)O,0.79,0.73,8.0,2.0,105.17,5.0,1.0
CHEMBL1168,RAMIPRIL,CCOC(=O)[C@H](CCc1ccccc1)N[C@@H](C)C(=O)N1[C@H](C(=O)O)C[C@@H]2CCC[C@@H]21,1.47,0.6,7.0,2.0,95.94,9.0,1.0
CHEMBL1201190,LEVOCETIRIZINE DIHYDROCHLORIDE,Cl.Cl.O=C(O)COCCN1CCN([C@H](c2ccccc2)c2ccc(Cl)cc2)CC1,0.87,0.7,5.0,1.0,53.01,8.0,2.0
CHEMBL3798264,,O=C(O)CN1CN(Cc2ccccc2)S(=O)(=O)c2cc(O)ccc21,1.97,0.87,7.0,2.0,98.15,4.0,2.0
CHEMBL5314393,LY2624803,CC(C)(CN1CCN(C2=Nc3ccccc3Oc3ccccc32)CC1)C(=O)O,0.94,0.88,6.0,1.0,65.37,3.0,2.0
CHEMBL4297316,PD-0299685,CCC[C@@H](C)C[C@H](CN)CC(=O)O,-0.46,0.64,3.0,3.0,63.32,7.0,0.0
CHEMBL1922186,BENZENEPENTACARBOXYLIC ACID,O=C(O)c1cc(C(=O)O)c(C(=O)O)c(C(=O)O)c1C(=O)O,0.26,0.5,10.0,5.0,186.5,5.0,1.0
CHEMBL2105754,TRELAGLIPTIN SUCCINATE,Cn1c(=O)cc(N2CCC[C@@H](N)C2)n(Cc2cc(F)ccc2C#N)c1=O.O=C(O)CCC(=O)O,1.3,0.86,7.0,2.0,97.05,3.0,2.0
CHEMBL1083733,,O=C(O)Cn1cc(C2NS(=O)(=O)c3ccccc32)c2ccccc21,2.14,0.76,6.0,2.0,88.4,3.0,3.0
CHEMBL1237102,LEVOCABASTINE HYDROCHLORIDE,C[C@@H]1CN([C@H]2CC[C@](C#N)(c3ccc(F)cc3)CC2)CC[C@]1(C(=O)O)c1ccccc1.Cl,2.5,0.76,4.0,1.0,64.33,4.0,2.0
CHEMBL1200569,CAFFEINE CITRATE,Cn1c(=O)c2c(ncn2C)n(C)c1=O.O=C(O)CC(O)(CC(=O)O)C(=O)O,-0.55,0.54,6.0,0.0,61.82,0.0,2.0
CHEMBL1469,PHENYLBUTANOIC ACID,O=C(O)CCCc1ccccc1,2.5,0.74,2.0,1.0,37.3,4.0,1.0
CHEMBL4110248,,Cc1nc(NC(=O)N[C@H](C)c2ccccc2)cc2[nH]nc(N3CCCC3C(=O)O)c12,1.29,0.51,9.0,4.0,123.24,5.0,3.0
CHEMBL925,TYROSINE,N[C@@H](Cc1ccc(O)cc1)C(=O)O,-1.49,0.63,4.0,4.0,83.55,3.0,1.0
CHEMBL127,MEROPENEM,C[C@@H](O)[C@H]1C(=O)N2C(C(=O)O)=C(S[C@@H]3CN[C@H](C(=O)N(C)C)C3)[C@H](C)[C@H]12,-4.35,0.56,8.0,3.0,110.18,5.0,0.0
CHEMBL316561,PROGLUMIDE,CCCN(CCC)C(=O)C(CCC(=O)O)NC(=O)c1ccccc1,2.14,0.69,6.0,2.0,86.71,10.0,1.0
CHEMBL1059,PREGABALIN,CC(C)C[C@H](CN)CC(=O)O,-1.35,0.63,3.0,3.0,63.32,5.0,0.0
CHEMBL3251924,,CC(C(=O)O)c1ccc2c(c1)C(=O)CC2,2.02,0.8,3.0,1.0,54.37,2.0,1.0
CHEMBL3989647,TICARCILLIN MONOSODIUM,CC1(C)S[C@@H]2[C@H](NC(=O)[C@H](C(=O)O)c3ccsc3)C(=O)N2[C@H]1C(=O)[O-].O.[Na+],0.6,0.5,8.0,3.0,124.01,5.0,1.0
CHEMBL1443,NAFCILLIN,CCOc1ccc2ccccc2c1C(=O)N[C@@H]1C(=O)N2[C@@H]1SC(C)(C)[C@@H]2C(=O)O,2.29,0.73,7.0,2.0,95.94,5.0,2.0
CHEMBL3715351,,Cc1cn(Cc2ccc(CSCC(=O)O)cc2)c(=O)[nH]c1=O,1.53,0.83,6.0,2.0,92.16,6.0,2.0
CHEMBL1644,CEFADROXIL,CC1=C(C(=O)O)N2C(=O)[C@@H](NC(=O)[C@H](N)c3ccc(O)cc3)[C@H]2SC1,-2.45,0.56,8.0,5.0,132.96,4.0,1.0
CHEMBL1213456,NEMONOXACIN,COc1c(N2C[C@@H](C)C[C@H](N)C2)ccc2c(=O)c(C(=O)O)cn(C3CC3)c12,-0.44,0.86,7.0,3.0,97.79,4.0,2.0
CHEMBL3400972,FLUORODOPA F 18,N[C@@H](Cc1cc(O)c(O)cc1[18F])C(=O)O,-1.65,0.54,5.0,5.0,103.78,3.0,1.0
CHEMBL1201346,BALSALAZIDE,O=C(O)CCNC(=O)c1ccc(/N=N/c2ccc(O)c(C(=O)O)c2)cc1,3.17,0.56,9.0,4.0,148.65,7.0,2.0
CHEMBL2437455,,CN1C(=O)C[C@](C)([C@H]2C[C@@H]2c2ccccc2)N=C1N.O=C(O)C(F)(F)F,1.62,0.88,4.0,2.0,58.69,2.0,1.0
CHEMBL2385862,,C[C@@H]1C[C@@](C)(O)Cc2ccc(CO)c(/C=C/C=C/C(=O)O)c21,2.53,0.59,4.0,3.0,77.76,4.0,1.0
CHEMBL317094,IMIDAPRIL,CCOC(=O)[C@H](CCc1ccccc1)N[C@@H](C)C(=O)N1C(=O)N(C)C[C@H]1C(=O)O,-0.23,0.59,9.0,2.0,116.25,9.0,1.0
CHEMBL1200392,DOXYLAMINE SUCCINATE,CN(C)CCOC(C)(c1ccccc1)c1ccccn1.O=C(O)CCC(=O)O,2.96,0.81,3.0,0.0,25.36,6.0,2.0
CHEMBL133078,,CCC(C)[C@H](NC(=O)C1CCCCC1)C(=O)O,2.69,0.77,4.0,2.0,66.4,5.0,0.0
CHEMBL1908892,O-(2-FLUOROETHYL)-L-TYROSINE,N[C@@H](Cc1ccc(OCCF)cc1)C(=O)O,-1.14,0.76,4.0,3.0,72.55,6.0,1.0
CHEMBL411706,,CCn1cc(C(=O)O)c(=O)c2cc(F)c(N3CCN(C(=O)c4ccc(OC)c(OC)c4)CC3)cc21,2.59,0.58,9.0,1.0,101.31,6.0,3.0
CHEMBL4297382,GPI-1485,CCC(C)(C)C(=O)C(=O)N1CCC[C@H]1C(=O)O,2.05,0.75,5.0,1.0,74.68,4.0,0.0
CHEMBL1560089,XANTHINOL NIACINATE,CN(CCO)CC(O)Cn1cnc2c1c(=O)n(C)c(=O)n2C.O=C(O)c1cccnc1,-1.85,0.62,9.0,2.0,105.52,6.0,2.0
CHEMBL5314373,"CEFPROZIL, (E)-",C/C=C/C1=C(C(=O)O)N2C(=O)[C@@H](NC(=O)[C@H](N)c3ccc(O)cc3)[C@H]2SC1.O,-1.92,0.55,8.0,5.0,132.96,5.0,1.0
CHEMBL4549658,PF-06835919,C[C@H]1CCN1c1nc(N2C[C@@H]3[C@@H](CC(=O)O)[C@@H]3C2)cc(C(F)(F)F)n1,1.25,0.89,6.0,1.0,69.56,4.0,1.0
CHEMBL370252,FLUMEQUINE,CC1CCc2cc(F)cc3c(=O)c(C(=O)O)cn1c23,2.42,0.86,4.0,1.0,59.3,1.0,2.0
CHEMBL1046,AMINOCAPROIC ACID,NCCCCCC(=O)O,-2.0,0.54,3.0,3.0,63.32,5.0,0.0
CHEMBL3962368,,Cc1nc(C(=O)NCC(=O)O)c(O)c2cc(Oc3ccccc3)ccc12,1.55,0.65,7.0,3.0,108.75,5.0,3.0
CHEMBL2364603,ACORAFLOXACIN HYDROCHLORIDE,COc1c(N2CCC/C(=C(\F)CN)C2)c(F)cc2c(=O)c(C(=O)O)cn(C3CC3)c12.Cl,-0.49,0.77,7.0,3.0,97.79,5.0,2.0
CHEMBL320825,,O=C(N[C@@H](CS)C(=O)O)c1ccccc1O,1.49,0.58,5.0,3.0,86.63,4.0,1.0
CHEMBL2114967,,CC12CCC(C1)C(C)(C)[C@H]2OC(=O)[C@H](NC(=O)[C@@H](N)CC(=O)O)c1ccco1,-0.78,0.6,8.0,4.0,131.86,7.0,1.0
CHEMBL5095418,EBARESDAX HYDROCHLORIDE,CC1(C)SC(Nc2ccccc2O)=N[C@@H]1C(=O)O.Cl,2.06,0.71,5.0,3.0,81.92,2.0,1.0
CHEMBL1592,QUINAPRIL,CCOC(=O)[C@H](CCc1ccccc1)N[C@@H](C)C(=O)N1Cc2ccccc2C[C@H]1C(=O)O,1.96,0.58,7.0,2.0,95.94,9.0,2.0
CHEMBL106080,,COC1=CC(=O)c2[nH]c(-c3nc(C(=O)O)cs3)nc2C1=O,0.38,0.87,8.0,2.0,122.24,3.0,2.0
CHEMBL4297273,CPP-115,Cl.N[C@H]1C[C@@H](C(=O)O)CC1=C(F)F,-2.04,0.63,3.0,3.0,63.32,1.0,0.0
CHEMBL1725880,TREPIBUTONE,CCOc1cc(OCC)c(C(=O)CCC(=O)O)cc1OCC,1.95,0.67,6.0,1.0,82.06,10.0,1.0
CHEMBL174333,,O=C(O)COCc1ccc(I)cc1,2.26,0.86,3.0,1.0,46.53,4.0,1.0
CHEMBL1489693,,O=C(O)c1ccc2c3c(cccc13)C(=O)N(c1ccccc1)C2=O,3.22,0.74,5.0,1.0,74.68,2.0,3.0
CHEMBL16675,,O=C(O)CNC(=O)C(CC(=O)O)Cc1ccccc1,0.62,0.67,6.0,3.0,103.7,7.0,1.0
CHEMBL2165620,PF-04991532,O=C(O)c1ccc(NC(=O)[C@H](CC2CCCC2)n2cnc(C(F)(F)F)c2)nc1,2.84,0.78,7.0,2.0,97.11,6.0,2.0
CHEMBL3943890,,NCCO.O=C(O)c1[nH]c(=O)[nH]c(=O)c1CCc1ccc(Oc2ccccc2)cc1,2.69,0.63,7.0,3.0,112.25,6.0,3.0
CHEMBL1332032,TRIFLUSAL,CC(=O)Oc1cc(C(F)(F)F)ccc1C(=O)O,2.12,0.64,4.0,1.0,63.6,2.0,1.0
CHEMBL3680687,,Cc1cc(N(C)C2CCc3c(c4cc(F)ccc4n3CC(=O)O)C2)no1,3.39,0.78,6.0,1.0,71.5,4.0,3.0
CHEMBL2106548,CLOMETOCILLIN,COC(C(=O)N[C@@H]1C(=O)N2[C@@H]1SC(C)(C)[C@@H]2C(=O)O)c1ccc(Cl)c(Cl)c1,2.22,0.69,7.0,2.0,95.94,5.0,1.0
CHEMBL1200521,ALMOTRIPTAN MALATE,CN(C)CCc1c[nH]c2ccc(CS(=O)(=O)N3CCCC3)cc12.O=C(O)CC(O)C(=O)O,1.52,0.88,5.0,1.0,56.41,6.0,2.0
CHEMBL1201265,METHYLPREDNISOLONE HEMISUCCINATE,C[C@H]1C[C@@H]2[C@H]([C@@H](O)C[C@@]3(C)[C@H]2CC[C@]3(O)C(=O)COC(=O)CCC(=O)O)[C@@]2(C)C=CC(=O)C=C12,1.83,0.5,8.0,3.0,138.2,6.0,0.0
CHEMBL718,METHYLDOPA (RACEMIC),CC(N)(Cc1ccc(O)c(O)c1)C(=O)O,-1.36,0.54,5.0,5.0,103.78,3.0,1.0
CHEMBL1797128,METHYLMETHIONINE SULFONIUM CHLORIDE,C[S+](C)CC[C@H](N)C(=O)O.[Cl-],-3.33,0.56,3.0,3.0,63.32,4.0,0.0
CHEMBL25263,MIRIDESAP,O=C(O)[C@H]1CCCN1C(=O)CCCCC(=O)N1CCC[C@@H]1C(=O)O,-0.04,0.66,8.0,2.0,115.22,7.0,0.0
CHEMBL3949982,,O=C(O)/C=C\C(=O)Nc1ccc(OCC(=O)O)cc1,0.71,0.65,7.0,3.0,112.93,6.0,1.0
CHEMBL3902988,,Cc1ccc2[nH]c3c(c2c1)CCCC3C(=O)O,3.18,0.79,3.0,2.0,53.09,1.0,2.0
CHEMBL1188382,,O=C(O)CC(NC(=O)CCC(=O)Nc1ccc2c(c1)CNC2)c1ccccc1,-1.21,0.56,7.0,4.0,107.53,8.0,2.0
CHEMBL4225408,,O=C(O)c1nc(-c2cccc(Cl)c2)nc(O)c1O,1.3,0.77,6.0,3.0,103.54,2.0,2.0
CHEMBL139996,,C[C@@H](O)[C@H]1C(=O)N2C(C(=O)O)=C(S[C@@H]3CN[C@H](/C=C/c4ccsn4)C3)[C@H](C)[C@H]12,-2.09,0.6,7.0,3.0,102.76,6.0,1.0
CHEMBL1000,CETIRIZINE,O=C(O)COCCN1CCN(C(c2ccccc2)c2ccc(Cl)cc2)CC1,0.87,0.7,5.0,1.0,53.01,8.0,2.0
CHEMBL406215,,N[C@]1(C(=O)O)C[C@H](C(=O)O)N(CCCc2ccccc2)C1,-3.73,0.71,6.0,4.0,103.86,6.0,1.0
CHEMBL3978588,,Cc1cc(=O)oc2cc(NC(=O)C3CCNCC3)ccc12.O=C(O)C(F)(F)F,1.42,0.83,5.0,2.0,71.34,2.0,2.0
CHEMBL47829,,CN1CCN(c2c(N)cc3c(=O)c(C(=O)O)cn(C4CC4)c3c2F)CC1,0.11,0.81,7.0,3.0,91.8,3.0,2.0
CHEMBL38889,,NC1(C(=O)O)CC2CC1C2C(=O)O,-2.91,0.54,5.0,4.0,100.62,2.0,0.0
CHEMBL3278366,,Nc1ccc(C(=O)O)cc1I,1.73,0.6,3.0,3.0,63.32,1.0,1.0
CHEMBL1382117,,O=C(O)c1cccc(N2C(=O)Nc3ccccc3N2O)c1,1.3,0.79,7.0,3.0,93.11,2.0,2.0
CHEMBL1288411,,N[C@@H](Cc1cn(CC(=O)O)nn1)C(=O)O,-3.72,0.53,8.0,4.0,131.33,5.0,1.0
CHEMBL234022,,O=C(O)CC(Sc1ccc(C(=O)O)cc1)C(=O)O,1.35,0.67,6.0,3.0,111.9,6.0,1.0
CHEMBL300289,,CCCCCCNC(=O)c1cnc2ccc(C(=O)O)cc2c1O,3.42,0.68,6.0,3.0,99.52,7.0,2.0
CHEMBL3670742,,COc1ccc2c(CN3CCC4(CC3)CN(c3ccc(C(=O)O)cc3)C(=O)O4)nn(C3CC3)c2c1,0.01,0.57,9.0,1.0,97.13,6.0,3.0
CHEMBL2138122,,O=C(O)Cc1ccc(NS(=O)(=O)c2ccc3ccccc3c2)cc1,3.09,0.75,5.0,2.0,83.47,5.0,3.0
CHEMBL119205,,CSCC[C@H](N)C(=O)Nc1cccc([N+](=O)[O-])c1.O=C(O)C(F)(F)F,1.45,0.6,6.0,3.0,98.26,6.0,1.0
CHEMBL96258,,CN1Cc2csc3c(C(=O)O)c(=O)c4cc(F)c(N5CCOC(CF)C5)c1c4n23,2.28,0.7,7.0,1.0,74.49,3.0,3.0
CHEMBL411298,,CC(C)C[C@H](CP(=O)(O)[C@H]1CCCN1C(=O)OCc1ccccc1)C(=O)O,2.71,0.65,7.0,2.0,104.14,8.0,1.0
CHEMBL4075713,,CC(C)C[C@H](NC(C(=O)NC1CCCCC1)c1cccnc1)C(=O)O,0.33,0.67,6.0,3.0,91.32,8.0,1.0
CHEMBL270128,,CCOc1cc(C2NC(C(=O)O)CS2)ccc1OCc1cccc(C)c1,1.74,0.77,5.0,2.0,67.79,7.0,2.0
CHEMBL408002,,CCn1c(CNC(=O)CCC(=O)O)cc2ccccc21,1.34,0.85,5.0,2.0,71.33,6.0,2.0
CHEMBL1356772,,O=C(O)[C@H]1[C@H]2c3ccccc3[C@H](c3ccccc32)[C@@H]1C(=O)NCC1CC1,2.94,0.89,4.0,2.0,66.4,4.0,2.0
CHEMBL1474534,,O=C(O)c1cc(/N=C\c2ccccc2O)cc(C(=O)O)c1,2.86,0.75,6.0,3.0,107.19,4.0,2.0
CHEMBL1668152,,COc1cc(NC(=S)NCCC(=O)O)c(OC)cc1Cl,1.99,0.69,6.0,3.0,79.82,6.0,1.0
CHEMBL539495,,Cl.O=C(O)c1ccc2c(c1)CCC(Cn1ccnc1)C2,1.83,0.92,4.0,1.0,55.12,3.0,2.0
CHEMBL1234983,,CO[C@H](C)[C@H](N)C(=O)O,-2.83,0.54,4.0,3.0,72.55,3.0,0.0
CHEMBL3983579,,O=C(O)COc1ccc(Cl)cc1C1c2scnc2CCN1C(=O)CCOc1ccc(F)cc1,3.49,0.5,7.0,1.0,88.96,8.0,3.0
CHEMBL4095677,,CCc1c(-c2ccc(N3CCNCC3)cc2)[nH]c(=O)c(C(=O)O)c1O,-1.71,0.67,7.0,4.0,105.66,4.0,2.0
CHEMBL1442851,,N[C@@H](C(=O)O)[C@@H]1C[C@H]1C(=O)O,-3.25,0.5,5.0,4.0,100.62,3.0,0.0
CHEMBL3273096,,O=C(O)CCc1ccc2c(c1)C(=O)c1ccccc1CO2,3.11,0.94,4.0,1.0,63.6,3.0,2.0
CHEMBL2113990,,Cc1cc(C(=O)CCC(=O)O)c(C)n1-c1ccc(F)cc1,2.86,0.86,4.0,1.0,59.3,5.0,2.0
CHEMBL3883947,,O=C(O)CCCNCc1cc2cccc(-c3ccc4c(c3)OCO4)c2s1,1.34,0.61,5.0,2.0,67.79,7.0,3.0
CHEMBL3194578,,O=C(O)c1ccccc1/C=N/NC(=O)C1CCCC1,2.44,0.64,5.0,2.0,78.76,4.0,1.0
CHEMBL3884862,,CCc1ccccc1-c1cccc2sc(CNCC(N)C(=O)O)cc12,1.6,0.61,4.0,4.0,75.35,7.0,3.0
CHEMBL1372169,,CC(=O)Nc1ccc(S(=O)(=O)N2CCN(Cc3cccs3)CC2)cc1.O=C(O)C(=O)O,1.75,0.86,6.0,1.0,69.72,5.0,2.0
CHEMBL1778569,,CCCC1(CC(=O)O)OCCc2c1[nH]c1c(C)c(OC)cc(C#N)c21,3.14,0.87,6.0,2.0,95.34,5.0,2.0
CHEMBL1778570,,CCCC1(CC(=O)O)OCCc2c1[nH]c1c(C)c(OCC)cc(C#N)c21,3.5,0.82,6.0,2.0,95.34,6.0,2.0
CHEMBL595380,,Cc1nn(-c2ccccc2)c2ncc3c(c12)C(=O)N(c1ccc(C(=O)O)cc1)C3=O,2.62,0.53,8.0,1.0,105.39,3.0,4.0
CHEMBL388581,,CCN1CC(C(=O)O)C(=O)c2cc(F)c(N3CCNCC3)cc21,-1.09,0.81,6.0,2.0,72.88,3.0,1.0
CHEMBL283820,SPIROGLUMIDE,O=C(O)CC[C@@H](NC(=O)c1cc(Cl)cc(Cl)c1)C(=O)N1CCC2(CCCC2)CC1,3.45,0.69,6.0,2.0,86.71,6.0,1.0
CHEMBL1401319,,Clc1cccc(OCCN2CCNCC2)c1.O=C(O)C(=O)O,1.9,0.87,3.0,1.0,24.5,4.0,1.0
CHEMBL2031347,,CC[C@H](NC(=O)c1ccc(N)c(OCc2ccc(O)cc2)c1)C(=O)O,1.32,0.57,7.0,5.0,121.88,7.0,2.0
CHEMBL3687866,,O=C(O)CC(NC(=O)c1cc(O)ccn1)c1ccccc1Cl,2.02,0.79,6.0,3.0,99.52,5.0,2.0
CHEMBL139244,,O=C(O)c1cnc2cc([N+](=O)[O-])ccc2c1O,2.07,0.6,7.0,2.0,113.56,2.0,2.0
CHEMBL1539741,,O=C(O)c1cccc(NC(=O)C2C3C=CC(C3)C2C(=O)O)c1,1.51,0.74,6.0,3.0,103.7,4.0,1.0
CHEMBL1319810,,O=C(O)CCSc1nnc(-c2ccc3c(c2)OCO3)o1,1.53,0.84,7.0,1.0,94.68,5.0,2.0
CHEMBL1213330,,Cc1cc(C(=O)NCc2oc(C(C)(C)C)cc2C(=O)O)c(C)o1,2.49,0.9,6.0,2.0,92.68,4.0,2.0
CHEMBL442526,,COc1c(N2CCC(N)C2)c(F)c(N)c2c(=O)c(C(=O)O)cn(C3CC3)c12,-1.36,0.69,8.0,5.0,123.81,4.0,2.0
CHEMBL3884832,,O=C(O)C[C@H](NCc1ccccc1)C(=O)O,-1.55,0.66,5.0,3.0,86.63,6.0,1.0
CHEMBL3409348,,O=C(O)Cn1c(=O)c(-c2ccc(O)cc2O)nc2ccc(Cl)cc21,2.22,0.67,7.0,3.0,112.65,3.0,3.0
CHEMBL204479,,N#Cc1ccccc1CSCCC(N)C(=O)O,-0.71,0.75,4.0,3.0,87.11,6.0,1.0
CHEMBL4202719,,O=C(O)c1ccncc1NC[C@H]1CCCc2ccccc21,3.25,0.9,4.0,2.0,62.22,4.0,2.0
CHEMBL3640798,,NCCCC(Cc1cn([C@H]2CC3CCC2C3)cn1)C(=O)O,-0.8,0.81,5.0,3.0,81.14,7.0,1.0
CHEMBL1744275,,CCOC(=O)CN1CCN(c2cccccc2=O)CC1.O=C(O)/C=C\C(=O)O,1.09,0.76,5.0,0.0,49.85,4.0,1.0
CHEMBL3594239,,Cc1nc(N2C[C@H]3C[C@@H](c4ccccc4C(F)(F)F)C[C@H]3C2)ncc1C(=O)O,2.85,0.85,5.0,1.0,66.32,3.0,2.0
CHEMBL3681332,,CC(C)(C)n1c(-c2cc(C(=O)O)ccc2F)nc2cc(-c3cnc(N)nc3)ccc21,3.27,0.53,7.0,3.0,106.92,3.0,4.0
CHEMBL1445822,,CN(C(=O)CSc1ncccc1C(=O)O)c1ccccc1,1.96,0.86,5.0,1.0,70.5,5.0,2.0
CHEMBL66879,COUMARIC ACID,O=C(O)/C=C/c1ccc(O)cc1,1.83,0.65,3.0,2.0,57.53,2.0,1.0
CHEMBL1213013,,O=C(O)c1cc(=O)cc2n1CCNC2=O,-0.84,0.64,6.0,2.0,88.4,1.0,1.0
CHEMBL1741437,,O=C(O)Cc1cccnc1,-0.59,0.65,3.0,1.0,50.19,2.0,1.0
CHEMBL568018,,O=C(Nc1cc(Cl)cc(Cl)c1)[C@H]1CC[C@H]1C(=O)O,2.87,0.9,4.0,2.0,66.4,3.0,1.0
CHEMBL313935,,CCn1cc(C(=O)O)c(=O)c2cc(F)c(-c3ccncc3)cc21,2.17,0.81,5.0,1.0,72.19,3.0,3.0
CHEMBL139445,,Cc1c(N2CCN(C)CC2)c(N)cc2c(=O)c(C(=O)O)cn(-c3ccc(F)cc3)c12,1.53,0.64,7.0,3.0,91.8,3.0,3.0
CHEMBL3680652,,CN(c1ncccn1)[C@H]1CCc2c(c3cc(F)ccc3n2CC(=O)O)C1,2.7,0.78,6.0,1.0,71.25,4.0,3.0
CHEMBL1582497,,O=C(O)CC(C(=O)NCc1ccccc1)C1CCCO1,1.11,0.83,5.0,2.0,75.63,6.0,1.0
CHEMBL4130328,,CC(C)(C#Cc1ccc(N2CCOc3ncnc(N)c3C2=O)cc1)CC(=O)O,1.73,0.78,8.0,3.0,118.64,3.0,2.0
CHEMBL247280,,CC1(C)CCc2c1n[nH]c2C(=O)O,1.68,0.68,4.0,2.0,65.98,1.0,1.0
CHEMBL1490141,,COc1ccc(OCC#CCN2CCCCCC2)cc1.O=C(O)C(=O)O,3.45,0.79,3.0,0.0,21.7,4.0,1.0
CHEMBL154944,,CCCCC[C@@H](C)NC(=O)OCCCc1c[nH]cn1.O=C(O)/C=C/C(=O)O,2.66,0.68,5.0,2.0,67.01,9.0,1.0
CHEMBL3394152,,COc1cccc(-c2cc(-c3cccc(C(=O)O)c3)c(C#N)c(=O)[nH]2)c1,2.14,0.75,6.0,2.0,103.18,4.0,3.0
CHEMBL3980851,,O=C(O)CCC(=O)Nc1cccc(-c2n[nH]c3ccccc23)c1,2.39,0.67,6.0,3.0,95.08,5.0,3.0
CHEMBL472862,,O=C(OC(C(=O)O)C(OC(=O)c1ccsc1)C(=O)O)c1ccsc1,2.72,0.71,8.0,2.0,127.2,7.0,2.0
CHEMBL1762608,,CC1(C)C(=O)C(C#N)=C[C@]2(C)C3=CC(=O)C(C#N)=C[C@]3(C#CC(=O)O)CC[C@@H]12,3.25,0.65,6.0,1.0,119.02,0.0,0.0
CHEMBL1408601,,CC(=O)c1cnc2c(C(=O)O)cnn2c1C,0.07,0.76,6.0,1.0,84.56,2.0,2.0
CHEMBL18439,,C[C@H](Nc1ccc(P(=O)(O)O)cc1)C(=O)O,0.13,0.57,6.0,4.0,106.86,4.0,1.0
CHEMBL3671047,,CCc1ccc(N[C@H](CC)c2ccc(Cl)c(C)c2)cc1CN1CC[C@@H](C(=O)O)C1,3.18,0.58,4.0,2.0,52.57,8.0,2.0
CHEMBL126727,,O=C(O)[C@H]1C[C@@H](CCc2nnn[nH]2)CCN1,-2.7,0.64,7.0,3.0,103.79,4.0,1.0
CHEMBL591789,,O=C(O)C1CCN(C(=O)NCc2ccc(Cl)cc2Cl)CC1,2.31,0.89,5.0,2.0,69.64,3.0,1.0
CHEMBL319323,,CN1Cc2csc3c(C(=O)O)c(=O)c4cc(F)c(N5CCOC(CO)C5)c1c4n23,1.39,0.66,8.0,2.0,94.72,3.0,3.0
CHEMBL467382,,O=C(O)c1[nH]nc2c1COc1ccccc1-2,1.48,0.76,5.0,2.0,75.21,1.0,2.0
CHEMBL130298,,CC(=O)SC(C(=O)c1ccc(Cl)cc1)C(C)C(=O)N1CCCC1C(=O)O,2.41,0.74,6.0,1.0,91.75,6.0,1.0
CHEMBL4160636,,C[C@@]1(CO)C[C@@H](O)C[C@]2(C)[C@@H]1CC[C@]13C=C(C(=O)O)[C@H](CC[C@H]12)C3,2.08,0.73,4.0,3.0,77.76,2.0,0.0
CHEMBL81694,,O=C(O)COc1c(F)cc([S+]([O-])CCNS(=O)(=O)c2ccc(Cl)cc2)cc1F,1.7,0.56,7.0,2.0,115.76,9.0,2.0
CHEMBL1770346,,C[C@H](NC(=O)C(F)(F)F)C(=O)CCC(=O)O,0.53,0.73,5.0,2.0,83.47,5.0,0.0
CHEMBL2296002,,CC(=O)Oc1ccccc1C(=O)O.NCCCC[C@H](N)C(=O)O,1.24,0.55,4.0,1.0,63.6,2.0,1.0
CHEMBL355433,,Cn1c(=O)n(CCCC(=O)O)c(=O)c2nsnc21,0.2,0.8,8.0,1.0,107.08,4.0,2.0
CHEMBL3245060,,O=C(O)c1cc(-n2nccn2)ccc1O,1.08,0.75,6.0,2.0,88.24,2.0,2.0
CHEMBL3245077,,O=C(O)c1cc(-c2nccs2)ccc1O,2.01,0.82,4.0,2.0,70.42,2.0,2.0
CHEMBL86155,,COc1ccc2c(C(=O)N(C)CC(=O)O)c(OCC(F)(F)F)ccc2c1C(F)(F)F,3.26,0.69,6.0,1.0,76.07,6.0,2.0
CHEMBL334870,,Cc1c(N2CC[C@H](C)[C@H](N)C2)c(F)cn2c(=O)c(C(=O)O)cc(C3CC3)c12,-1.18,0.86,6.0,3.0,88.04,3.0,2.0
CHEMBL131907,,Cc1c(N2CCC[C@H](NC3CC3)C2)c(F)cn2c(=O)c(C(=O)O)cc(C3CC3)c12,-0.85,0.81,6.0,2.0,74.05,5.0,2.0
CHEMBL4089322,,Cc1cc(C(=O)O)nn1Cc1cc(Cl)cc2sc(N3CCOCC3)nc12,3.37,0.73,7.0,1.0,80.48,4.0,3.0
CHEMBL368947,,O=C(O)COCc1ccc(Cl)cc1Cl,2.54,0.87,3.0,1.0,46.53,4.0,1.0
CHEMBL1699593,,Cc1cc(C)n(-c2ccc(F)cc2)c(=O)c1C(=O)O,2.07,0.9,4.0,1.0,59.3,2.0,2.0
CHEMBL2004226,,Br.O=C(O)c1csc(N/N=C/c2ccc(Br)cc2)n1,3.22,0.67,5.0,2.0,74.58,4.0,2.0
CHEMBL3687878,,O=C(O)CC(NC(=O)c1ccnc(N2CCCC2)c1)c1ccccc1Cl,1.51,0.81,6.0,2.0,82.53,6.0,2.0
CHEMBL3687888,,O=C(O)CC(NC(=O)c1cncc(-c2ccccc2)c1)c1ccccc1Cl,3.17,0.67,5.0,2.0,79.29,6.0,3.0
CHEMBL4080558,,N.NC(=O)c1c(NC(=O)c2ccc(CN3CCOCC3)cc2)sc2c1CCC(C(=O)O)C2,0.46,0.63,8.0,4.0,121.96,6.0,2.0
CHEMBL2111523,,CC/C=C\C[C@H](C[C@H](N)C(=O)O)C(=O)O,-1.31,0.55,5.0,4.0,100.62,7.0,0.0
CHEMBL1430864,,O=C(O)CSCC(=O)Nc1ccc(S(=O)(=O)N2CCCCC2)cc1,0.89,0.75,7.0,2.0,103.78,7.0,1.0
CHEMBL279527,,O=C(O)c1ccccc1C[C@H]1CC[C@H]2CN[C@H](C(=O)O)C[C@H]2C1,0.41,0.79,5.0,3.0,86.63,4.0,1.0
CHEMBL4087307,,O=C(O)COc1ccc2c(c1)O/C(=C\c1ccccc1C(=O)O)C2=O,2.18,0.8,7.0,2.0,110.13,5.0,2.0
CHEMBL4098686,,Cc1c(C(=O)O)sc2nc(/C=C/c3ccc4[nH]ccc4c3)[nH]c(=O)c12,3.48,0.52,6.0,3.0,98.84,3.0,4.0
CHEMBL1643769,,CN([C@H]1CCc2c(CC(=O)O)c3ccccc3n2C1)S(=O)(=O)c1ccc(F)cc1,3.24,0.69,6.0,1.0,79.61,5.0,3.0
CHEMBL4174250,,O=C(O)CCc1nc2ccc3c(c2c(=O)[nH]1)CCCC3,1.1,0.89,5.0,2.0,83.05,3.0,2.0
CHEMBL4249499,,C[C@H](Cc1ccc(OCc2ccc(Cl)cc2)cc1)N(C)CC(=O)O,1.54,0.79,4.0,1.0,49.77,8.0,2.0
CHEMBL31949,,CO/N=C1\CCN(c2nc3c(cc2F)c(=O)c(C(=O)O)cn3C2CC2)C1,2.19,0.84,8.0,1.0,97.02,4.0,2.0
CHEMBL1075791,,COc1cc(/C=C/C(=O)Nc2ccccc2C(=O)O)ccc1O,3.42,0.74,6.0,3.0,95.86,5.0,2.0
CHEMBL72615,,O=C(O)c1cc(C(=O)O)c2c(Br)cccc2n1,2.6,0.89,5.0,2.0,87.49,2.0,2.0
CHEMBL274192,,O=C(O)CCNC(=O)N1CCC2(CC1)CCN(c1ccncc1)C2,-1.12,0.87,7.0,2.0,85.77,4.0,1.0
CHEMBL216408,,O=C(O)c1cnc2ccc(Cl)cc2c1O,2.74,0.78,4.0,2.0,70.42,1.0,2.0
CHEMBL1203845,,Cl.O=C(O)c1ccc(NS(=O)(=O)c2ccc3c(c2)CNCC3)cc1,-0.74,0.79,6.0,3.0,95.5,4.0,2.0
CHEMBL1779307,,Cc1cc2c(C)c(C(=O)O)n(C)c2cc1C(=O)O,2.56,0.85,5.0,2.0,79.53,2.0,2.0
CHEMBL20298,,O=C(O)COCCCC[C@@H]1[C@@H](CNS(=O)(=O)c2ccc(F)cc2)CC[C@H]1F,2.5,0.55,6.0,2.0,92.7,11.0,1.0
CHEMBL3501480,,COCCN1CCC(c2nc3ccc(NC4CCC4)cn3n2)CC1.O=C(O)C(F)(F)F,2.51,0.88,6.0,1.0,54.69,6.0,2.0
CHEMBL1583295,,O=C(O)/C=C/C(=O)Nc1ccccc1-c1ccccc1NC(=O)/C=C/C(=O)O,2.46,0.55,8.0,4.0,132.8,7.0,2.0
CHEMBL248355,,COc1cc(/C=C/C(=O)O)ccc1N(C)CCN(C)c1ccc(/C=C/C(=O)O)cc1OC,3.38,0.51,8.0,2.0,99.54,11.0,2.0
CHEMBL93495,,N=c1sc2cc(OC(F)(F)F)ccc2n1CC(=O)O,1.29,0.91,5.0,2.0,75.31,3.0,2.0
CHEMBL91747,,COc1cccc(C(=O)CC(NC(=O)C2CC2)C(=O)O)c1,0.97,0.74,6.0,2.0,92.7,7.0,1.0
CHEMBL3085385,,O=C(O)CCc1ccc(CN([C@@H]2CCCCNC2=O)S(=O)(=O)c2ccc(Cl)cc2)cc1,3.39,0.62,7.0,2.0,103.78,8.0,2.0
CHEMBL1522942,,O=C(O)COc1cnc2ccccc2n1,1.21,0.81,5.0,1.0,72.31,3.0,2.0
CHEMBL128357,,CC(C)(C)CC(=O)c1ccc(OCCCc2c[nH]cn2)cc1.O=C(O)/C=C\C(=O)O,3.32,0.62,4.0,1.0,54.98,7.0,2.0
CHEMBL418347,,COc1cc(Cc2cnc(N)nc2N)cc(OCCCC(=O)O)c1OC,-0.41,0.57,9.0,5.0,142.81,9.0,2.0
CHEMBL553584,,C[C@@H]1CN(c2nc3c(cc2F)c(=O)c(C(=O)O)cn3-c2nccs2)C[C@@H]1N.Cl,0.01,0.7,8.0,3.0,114.34,3.0,3.0
CHEMBL78489,,CC(CS)C(=O)N[C@@H](Cc1c[nH]c2ccccc12)C(=O)O,2.21,0.61,5.0,3.0,82.19,6.0,2.0
CHEMBL3667874,,COc1cccc(-c2cn(-c3cc(C(=O)O)ccn3)cc2C#N)c1,3.31,0.8,6.0,1.0,88.14,4.0,3.0
CHEMBL316060,,C[C@@H](O)[C@H]1C(=O)N2C(C(=O)O)=C(/C=C/[C@@H]3CCCN3)[C@H](C)[C@H]12,-2.82,0.66,6.0,3.0,89.87,4.0,0.0
CHEMBL1565569,,CC(C)=C1C2CC2C2C(C(=O)O)C12,1.35,0.62,2.0,1.0,37.3,1.0,0.0
CHEMBL1455180,,COc1ccc(NS(=O)(=O)c2ccc3c(c2)CCN3C(=O)CCC(=O)O)cc1Cl,1.87,0.69,8.0,2.0,113.01,7.0,2.0
CHEMBL2021566,,C[C@@]12CCC[C@@](C)(C(=O)O)[C@H]1C[C@H](O)[C@@]13C[C@H](CC[C@@H]21)[C@@](O)(CO)C3,1.56,0.61,5.0,4.0,97.99,2.0,0.0
CHEMBL117652,,CN(C)c1ccc2c(c1)c(Cn1ccnc1)cn2CCC(=O)O,1.0,0.76,6.0,1.0,63.29,6.0,3.0
CHEMBL2311683,,O=C(O)c1nnn2c1nc(N1CCOCC1)c1sccc12,1.7,0.75,8.0,1.0,92.85,2.0,3.0
CHEMBL3946768,,COc1ccc2[nH]c(-c3ccc(Cn4nc(C)c(CC(=O)O)c4C)c(F)c3)nc2n1,2.67,0.51,8.0,2.0,105.92,6.0,4.0
CHEMBL1771748,,O=C(O)/C=C/C(=O)OCc1ccc(Cl)cc1,2.67,0.65,4.0,1.0,63.6,4.0,1.0
CHEMBL1382413,,COC1CCCCC1NCCc1ccccc1.O=C(O)C(=O)O,3.19,0.84,2.0,1.0,21.26,5.0,1.0
CHEMBL138737,,COc1cccc2c1-c1ccc3c(c1C(CC(=O)O)O2)C(C)=CC(C)(C)N3,3.36,0.81,5.0,2.0,67.79,3.0,2.0
CHEMBL275905,,COc1c(Cl)c(O)c(C(=O)O)c(OC)c1Cl,2.87,0.88,5.0,2.0,75.99,3.0,1.0
CHEMBL3500527,,O=C(C[C@@H]1COC[C@H]2CN(Cc3ccccc3)C[C@@H]12)N1CCCC1.O=C(O)C(F)(F)F,1.36,0.85,4.0,0.0,32.78,4.0,1.0
CHEMBL4289091,,Cc1sc([C@@H]2CCCN2C(=O)[C@H](C)N(C)CC(=O)O)cc1C(=O)Nc1ncc(F)s1.Cl,0.71,0.67,8.0,2.0,102.84,7.0,2.0
CHEMBL157743,,COc1c(C(=O)O)cc2c(c1CCn1cnc3c1NC=NCC3O)CCCC2,0.33,0.73,8.0,3.0,108.97,5.0,2.0
CHEMBL1460014,,COc1cc(OC)c(OC)cc1CN1CCN(Cc2cccn2C)CC1.O=C(O)C(=O)O,2.24,0.76,6.0,0.0,39.1,7.0,2.0
CHEMBL322167,,CN(C)c1ccc(C(=O)c2cc(/C=C/C(=O)O)n(C)c2)cc1,2.31,0.68,5.0,1.0,62.54,5.0,2.0
CHEMBL28468,,Cc1ccc(N)c(S(=O)(=O)CC(N)C(=O)O)c1,-2.72,0.64,6.0,5.0,123.48,4.0,1.0
CHEMBL1700455,,O=C(O)C1CCN(C(=O)CSc2nc3ccccc3s2)CC1,2.31,0.87,5.0,1.0,70.5,4.0,2.0
CHEMBL173967,,O=C(O)[C@H](CS)NC1CCCCC1,-0.77,0.6,3.0,2.0,49.33,4.0,0.0
CHEMBL264027,,CCCN(CCNC(C)=O)C1COc2cccc(OC)c2C1.O=C(O)C(=O)O,1.68,0.84,5.0,1.0,50.8,7.0,1.0
CHEMBL2136654,,O=C(O)Cc1ccc(NC(=O)c2ccc3c(c2)C(=O)N(Cc2ccccc2)C3=O)cc1,3.37,0.6,7.0,2.0,103.78,6.0,3.0
CHEMBL3981184,,COc1ccc(CC(=O)O)cc1-c1ccc(F)c2c1CN(C(=O)COc1cccnc1)CC2,1.96,0.59,7.0,1.0,88.96,7.0,3.0
CHEMBL3944759,,CCOC(=O)N1CCc2c(F)ccc(-c3cc(CC(=O)O)ccc3OC)c2C1,3.43,0.85,6.0,1.0,76.07,5.0,2.0
CHEMBL1591814,,COc1cc(OC)c(NC(=O)Cc2c(C(=O)O)c(C)cn2C)cc1Cl,2.73,0.82,7.0,2.0,89.79,6.0,2.0
CHEMBL15167,,CC1CC/C(=N\Nc2ccc(CC(=O)O)cc2)c2ncc(C(=O)O)c(=O)n21,1.99,0.68,9.0,3.0,133.88,5.0,2.0
CHEMBL1871311,,C[C@@H](CN1CCC(n2c(=O)[nH]c3ccccc32)CC1)NC(=O)c1ccco1.O=C(O)C(F)(F)F,1.57,0.72,7.0,2.0,83.27,5.0,3.0
CHEMBL124099,,Cc1cc(CCCCCOc2ccc(C3=NCCO3)cc2C(=O)O)on1,2.13,0.69,7.0,1.0,94.15,9.0,2.0
CHEMBL3678010,,COc1cccc(C(=O)N[C@@H](CC(=O)O)c2ccccc2C)n1,2.67,0.85,6.0,2.0,88.52,6.0,2.0
CHEMBL311363,,C[C@@H]1CCCC(NC(CCc2ccccc2)C(=O)O)C(=O)N1CC(=O)O,-0.72,0.65,7.0,3.0,106.94,8.0,1.0
CHEMBL3093611,,O=C(O)Cc1cnc(C(=O)c2ccc(NC(=O)C3CC3)cc2)c2ccccc12,3.01,0.64,6.0,2.0,96.36,6.0,3.0
CHEMBL3633022,,O=C(N[C@H](CCC(=O)N1CCOCC1)C(=O)O)c1csc(-c2ccccc2)n1,1.23,0.73,8.0,2.0,108.83,7.0,2.0
CHEMBL3597542,,COc1ccc(/C=C2\SC(=S)N(CCC(=O)O)C2=O)cc1,2.52,0.66,5.0,1.0,66.84,5.0,1.0
CHEMBL17160,,O=C(O)CCCCNC(=O)c1ccccc1O,1.84,0.65,5.0,3.0,86.63,6.0,1.0
CHEMBL3687872,,COc1cccnc1C(=O)NC(CC(=O)O)c1ccccc1Cl,2.03,0.85,6.0,2.0,88.52,6.0,2.0
CHEMBL534174,,CCOC(=O)NOC(C(=O)O)c1ccccc1,1.74,0.76,6.0,2.0,84.86,5.0,1.0
CHEMBL217360,,O=C(O)c1ccc2c(c1)S(=O)(=O)C(c1ccoc1)=C2C1CCCC1,3.1,0.91,5.0,1.0,84.58,3.0,2.0
CHEMBL552313,,CC(C)[C@H](NS(=O)(=O)c1ccc2c(c1)sc1cc(N3CCOC3=O)ccc12)C(=O)O,3.26,0.6,8.0,2.0,113.01,6.0,3.0
CHEMBL1082848,,Cc1ccc2c(c1)c(C1NS(=O)(=O)c3ccccc31)c(C)n2CC(=O)O,2.85,0.74,6.0,2.0,88.4,3.0,3.0
CHEMBL3559780,,COc1ccc(C(=O)O)cc1S(=O)(=O)Nc1ccc(C(F)(F)F)cc1N1CCCCC1,3.45,0.67,7.0,2.0,95.94,6.0,2.0
CHEMBL1083956,,N#Cc1ccc(S(=O)(=O)N(Cc2ccc(C(=O)O)c(F)c2)Cc2ccccn2)cc1,1.93,0.62,7.0,1.0,111.36,7.0,3.0
CHEMBL3338100,,COc1cccc(S(=O)(=O)c2ccccc2)c1Cc1c2c(n(CC(=O)O)c1C)CCNC2=O,2.65,0.55,8.0,2.0,114.7,7.0,3.0
CHEMBL3338110,,Cc1c(Cc2ccccc2S(=O)(=O)c2ccccc2)c2c(n1[C@@H](C)C(=O)O)CCNC2=O,3.38,0.6,7.0,2.0,105.47,6.0,3.0
CHEMBL357612,,O=C(O)C[C@H](NC(=O)OCc1ccccc1)C(=O)COC1=C(c2ccc(Cl)cc2)C(=O)OC1,3.22,0.5,9.0,2.0,128.23,10.0,2.0
CHEMBL3934021,,Cc1cnc(C(CC(=O)O)c2cc(F)cc(-c3cccnc3)c2)s1,2.7,0.75,4.0,1.0,63.08,5.0,3.0
CHEMBL3353505,,CC1(C(=O)N(CC(=O)O)Cc2ccc(Cl)cc2)CCN1C(=O)Cc1noc2ccccc12,2.48,0.59,8.0,1.0,103.95,7.0,3.0
CHEMBL2031174,,COc1ccc([C@H](CC(=O)O)N2CCN(CCCc3ccc4c(n3)NCCC4)C2)cn1,-0.09,0.63,8.0,2.0,90.82,9.0,2.0
CHEMBL3415806,,C#CCN(C)CC(=C)c1ccsc1.O=C(O)C(=O)O,2.45,0.66,1.0,0.0,3.24,4.0,1.0
CHEMBL274696,,CC1(CN)CCN(c2nc3c(cc2F)c(=O)c(C(=O)O)cn3C2CC2)C1,-0.44,0.86,7.0,3.0,101.45,4.0,2.0
CHEMBL2036065,MONASCUSIC ACID D,C[C@H]1C=C2C=C[C@H](C)[C@H](/C=C/C(=O)O)[C@H]2CC1,3.33,0.74,2.0,1.0,37.3,2.0,0.0
CHEMBL3342476,,CCC(CC)O[C@@H]1C=C(C(=O)O)C[C@H](NCc2ccccc2F)[C@H]1NC(C)=O,0.26,0.6,6.0,3.0,87.66,9.0,1.0
CHEMBL171617,,O=C(O)[C@@H](CS)NCCc1ccccc1,-0.56,0.64,3.0,2.0,49.33,6.0,1.0
CHEMBL1356359,,Cn1c2cc(C(=O)O)sc2c2cnn(Cc3ccccc3F)c(=O)c21,3.0,0.61,6.0,1.0,77.12,3.0,4.0
CHEMBL1277861,,O=C1NC(=O)c2c1cc(C(=O)O)c1[nH]c3ccccc3c21,1.47,0.59,6.0,3.0,99.26,1.0,3.0
CHEMBL3698813,,CC1(N2[C@@H]3CCC[C@H]2C[C@@H](n2c(=O)c(C(=O)O)nc4ccccc42)C3)CCCCCCC1,2.29,0.72,6.0,1.0,75.43,3.0,2.0
CHEMBL3338275,,Cc1ccc2c(CC(=O)O)cn(-c3ccccc3Cn3ccnc3)c2n1,1.92,0.6,6.0,1.0,72.94,5.0,4.0
CHEMBL312245,,COC(=O)C(Cc1ccccc1)NC(=O)C(N)CC(=O)O,-2.22,0.59,7.0,4.0,118.72,7.0,1.0
CHEMBL592223,ABIESADINE L,CC(C)(O)c1ccc2c(c1)[C@H](O)C[C@H]1[C@](C)(COC(=O)CCC(=O)O)CCC[C@]21C,3.0,0.61,6.0,3.0,104.06,6.0,1.0
CHEMBL57133,,O=C(O)CN1C(=O)C(=O)N(CCc2ccccc2Cl)C1=O,1.34,0.64,7.0,1.0,94.99,5.0,1.0
CHEMBL2023637,,CC(=O)Nc1ccc(C(=O)c2ncc(CC(=O)O)c3ccccc23)cc1,2.23,0.69,6.0,2.0,96.36,5.0,3.0
CHEMBL3475385,,O=C(O)CCc1cc2n(n1)CCCN(C(=O)c1ccc(Cl)s1)C2,1.76,0.92,6.0,1.0,75.43,4.0,2.0
CHEMBL3930948,,COc1ccc2[nH]c(-c3ccc(Cn4nc(C)c(CC(=O)O)c4C)c(F)c3)nc2c1,1.95,0.51,7.0,2.0,93.03,6.0,4.0
CHEMBL3634954,,CN1CCC(C(=O)c2ccc3c(C(=O)O)ccc(O)c3n2)CC1,-0.81,0.84,6.0,2.0,90.73,3.0,2.0
CHEMBL330028,,CC(C)C(NS(=O)(=O)c1ccc(-c2ccccc2)cc1)C(=O)O,3.38,0.85,5.0,2.0,83.47,6.0,2.0
CHEMBL3274989,,CN1CCC(OC(=O)c2ccco2)CC1.O=C(O)/C=C\C(=O)O,1.06,0.69,4.0,0.0,42.68,2.0,1.0
CHEMBL1091097,,COc1ccc(/C=C2\COC(c3cc(OC)cc(OC)c3)C2C(=O)O)cc1,2.92,0.84,6.0,1.0,74.22,6.0,2.0
CHEMBL1472731,,CC(C)(C)OC(=O)N1CCC(Cc2cc(-c3cccnc3)no2)(C(=O)O)CC1,1.78,0.86,8.0,1.0,105.76,4.0,2.0
CHEMBL73951,,CC(C(=O)O)N(Cc1ccccc1[N+](=O)[O-])S(=O)(=O)c1cccs1,2.68,0.59,8.0,1.0,117.82,7.0,2.0
CHEMBL106952,,Cc1cccc2c(Nc3ccc(CC(=O)O)cc3)c3ccccc3nc12,3.16,0.51,4.0,2.0,62.22,4.0,4.0
CHEMBL1592063,,COc1ccc(CN2CCN(Cc3ccccc3F)CC2)cc1.O=C(O)C(=O)O,3.47,0.84,3.0,0.0,15.71,5.0,2.0
CHEMBL436582,,CC(=O)S[C@H](C(=O)c1ccccc1)[C@@H](C)C(=O)N1CCC[C@H]1C(=O)O,1.8,0.78,6.0,1.0,91.75,6.0,1.0
CHEMBL1707270,,O=C(COc1ccc(Cl)cc1)N1CCN(C2CCCC2)CC1.O=C(O)C(=O)O,2.74,0.85,4.0,0.0,32.78,4.0,1.0
CHEMBL3325819,,CCCC(=O)c1cnn(-c2ccc(N)c(C(=O)O)c2)c1C,2.44,0.65,6.0,3.0,98.21,5.0,2.0
CHEMBL1645193,,O=C(O)c1coc(CN2CCN(C(=O)CC(c3ccc(F)cc3)c3ccc(Cl)cc3)CC2)n1,2.38,0.56,7.0,1.0,86.88,7.0,3.0
CHEMBL2141868,,CC(C)C(C(=O)O)N1C(=O)C2C3CCC(C3)C2C1=O,1.34,0.78,5.0,1.0,74.68,3.0,0.0
CHEMBL3770290,,O=C(O)c1cn(C2CC2)c2cc(N3CCN(C(=O)c4cccnc4Cl)CC3)c(F)cc2c1=O,2.62,0.59,8.0,1.0,95.74,4.0,3.0
CHEMBL3321984,,C[C@@H](O)[C@H](N)C(=O)N1CCC[C@H]1C(=O)O,-3.74,0.55,6.0,4.0,103.86,3.0,0.0
CHEMBL1988941,,CCOC(=O)C1(CC(=O)O)CCCC1=O,0.96,0.55,5.0,1.0,80.67,4.0,0.0
CHEMBL1595745,,CC(C)CN1C(=O)CC(Sc2ccccc2C(=O)O)C1=O,2.23,0.84,5.0,1.0,74.68,5.0,1.0
CHEMBL1600202,,CN(C)S(=O)(=O)c1cccc(NC(=O)CNCc2ccccn2)c1.O=C(O)C(=O)O,0.36,0.78,7.0,2.0,91.4,7.0,2.0
CHEMBL3228132,,O=C(O)c1cnc2ccc(OC3CCCCC3)cc2c1,3.04,0.93,4.0,1.0,59.42,3.0,2.0
CHEMBL179223,,O=C(O)c1ccc(/C=N/Oc2ccccc2C(=O)O)cc1,2.67,0.65,6.0,2.0,96.19,5.0,2.0
CHEMBL2041563,,COc1ccccc1Nc1ccc(C(=O)O)cc1,2.91,0.87,4.0,2.0,58.56,4.0,2.0
CHEMBL1730768,,O=C(O)CSc1nnc(-c2cccc(S(=O)(=O)N3CCOCC3)c2)n1-c1ccc(F)cc1,2.26,0.51,9.0,1.0,114.62,7.0,3.0
CHEMBL3502279,,O=C(C1CC=CC1)N1CCC2(CCN(Cc3ccccn3)C2=O)C1.O=C(O)C(F)(F)F,0.82,0.8,5.0,0.0,53.51,3.0,1.0
CHEMBL3629367,,CC1=N[C@@H](CC(C)C)C(=O)Nc2cc(C(=O)O)ccc21,1.91,0.89,5.0,2.0,78.76,3.0,1.0
CHEMBL3473112,,Cc1cnc(C)c(N2CCC(C(=O)O)(n3ccc(C(C)(C)C)n3)CC2)n1,1.78,0.91,7.0,1.0,84.14,3.0,2.0
CHEMBL3197266,,N#CCCn1cc(/C=N/NC2=NC(=O)C(CC(=O)O)S2)c(-c2ccc(F)cc2)n1,1.71,0.52,9.0,2.0,132.73,7.0,2.0
CHEMBL2006665,,O=C(O)C1C2CC3CC2CC31,1.22,0.62,2.0,1.0,37.3,1.0,0.0
CHEMBL517389,,Cc1oc(-c2ccc(C(F)(F)F)cc2)nc1C(=O)N(CC(=O)O)Cc1ccccn1,2.02,0.65,7.0,1.0,96.53,6.0,3.0
CHEMBL480160,,O=C(O)Cc1cs/c(=N/C(=O)CS(=O)(=O)c2cccc(Cl)c2)n1O,1.05,0.73,8.0,2.0,126.03,5.0,2.0
CHEMBL1976381,,Cc1c(Cl)cccc1NC(=O)/C(Cl)=C(\Cl)C(=O)O,3.29,0.84,4.0,2.0,66.4,3.0,1.0
CHEMBL1549541,,O=C(O)CSCC(=O)NCc1cccc(C(F)(F)F)c1,1.58,0.84,4.0,2.0,66.4,6.0,1.0
CHEMBL2138102,,CC1CCc2onc(C(=O)O)c2C1,1.88,0.71,4.0,1.0,63.33,1.0,1.0
CHEMBL1499409,,N#Cc1c(C(F)(F)F)cc(O)nc1SCC(=O)O,2.17,0.82,5.0,2.0,94.21,3.0,1.0
CHEMBL1347934,,Cc1c(NC(=O)c2ccc3c(c2)C(=O)N(CC2CCCO2)C3=O)cccc1C(=O)O,2.6,0.74,8.0,2.0,113.01,5.0,2.0
CHEMBL3356862,,CC(C)[C@H](NC(=O)/C(=C/c1ccccc1)NC(=O)c1ccccc1)C(=O)O,3.0,0.66,6.0,3.0,95.5,7.0,2.0
CHEMBL1302322,,O=C(O)CC1Oc2ccc(Cl)cc2NC1=O,1.29,0.82,5.0,2.0,75.63,2.0,1.0
CHEMBL3479090,,O=C(O)CCc1cc2n(n1)CCN(Cc1ccc3[nH]ccc3c1)C2,-0.44,0.76,6.0,2.0,74.15,5.0,3.0
CHEMBL3485188,,Cc1ccccc1[C@@H]1CN(Cc2ccc(C(F)(F)F)nc2)C[C@H]1C(=O)O,1.03,0.9,4.0,1.0,53.43,4.0,2.0
CHEMBL4111368,,O=C(O)c1ccc(C2(NC(=O)[C@H]3C[C@H]4C[C@H]4N3Cc3cccc(C(F)(F)F)c3)CC2)cc1,1.73,0.7,5.0,2.0,69.64,6.0,2.0
CHEMBL4283282,,Cc1cccc(-c2ccnn2-c2cc(C(=O)O)ccn2)c1,3.17,0.8,5.0,1.0,68.01,3.0,3.0
CHEMBL3500196,,CCS(=O)(=O)N1CCOC2(CCCN(c3cnccn3)C2)C1.O=C(O)C(F)(F)F,-0.34,0.8,7.0,0.0,75.63,3.0,1.0
CHEMBL3553022,,Cc1nc2c(cc1C(=O)O)CCN(CC1CC1)CC2,-1.11,0.9,4.0,1.0,53.43,3.0,1.0
CHEMBL3501065,,CNC(=O)[C@H]1C[C@H]2OCC[C@H]2N(Cc2ccc(C)o2)C1.O=C(O)C(F)(F)F,0.34,0.91,5.0,1.0,54.71,3.0,1.0
CHEMBL3403589,,CCN1CCNC(C(=O)O)C1,-2.83,0.56,4.0,2.0,52.57,2.0,0.0
CHEMBL1493652,,CC(=O)NC(CSc1cc(C)nc2ccc(Br)cc12)C(=O)O,0.78,0.78,5.0,2.0,79.29,5.0,2.0
CHEMBL3338107,,COc1ccc(S(=O)(=O)c2ccccc2Cc2c3c(n(CC(=O)O)c2C)CCNC3=O)cc1,2.65,0.55,8.0,2.0,114.7,7.0,3.0
CHEMBL1447003,,Cc1oc(C(=O)O)cc1COc1ccccc1Cl,3.06,0.92,4.0,1.0,59.67,4.0,2.0
CHEMBL1724382,,COC(=O)Oc1cncc(C(=O)O)c1,0.39,0.71,6.0,1.0,85.72,2.0,1.0
CHEMBL1162371,,CCC1=C(C)C(C(=O)n2nc(C)cc2C)C(N)(C(=O)O)S1,-1.29,0.88,6.0,3.0,98.21,3.0,1.0
CHEMBL1866653,,O=C(O)CCC(=O)NNC(=O)c1ccc(Br)cc1,0.83,0.72,6.0,3.0,95.5,4.0,1.0
CHEMBL3693648,,COCCN(C)c1cc(C(=O)O)nc2c(-c3cc(O)cc(F)c3)nc(N3CCOCC3)nc12,3.14,0.55,10.0,2.0,121.14,7.0,3.0
CHEMBL1449153,,COc1ccc(S(=O)(=O)NCc2ccc3c(c2)OCO3)cc1C(=O)O,1.65,0.8,8.0,2.0,111.16,6.0,2.0
CHEMBL467562,,CC(S)CC(=O)N[C@@H](CSCc1ccc(N(C)C)cc1)C(=O)O,1.16,0.59,5.0,2.0,69.64,9.0,1.0
CHEMBL445489,,CN(C)c1ccc(CSC[C@H](NC(=O)CCCS)C(=O)O)cc1,1.14,0.56,5.0,2.0,69.64,10.0,1.0
CHEMBL1461503,,COc1cccc(CNCC(=O)N2C(C)CCCC2C)c1.O=C(O)C(=O)O,2.18,0.91,4.0,1.0,41.57,5.0,1.0
CHEMBL259165,BEMIDONE,CCOC(=O)C1(c2cccc(O)c2)CCN(C)CC1.O=C(O)C(=O)O,1.96,0.85,4.0,1.0,49.77,3.0,1.0
CHEMBL185682,,O=C(O)c1sc(-c2ccccc2)cc1NS(=O)(=O)c1ccccn1,3.05,0.73,6.0,2.0,96.36,5.0,3.0
CHEMBL1077287,,O=C(O)/C=C/C(=O)Nc1ccc(Cl)c(Cl)c1,2.6,0.82,4.0,2.0,66.4,3.0,1.0
CHEMBL1461666,,COc1cc2cc(C(=O)N[C@@H](Cc3ccccc3)C(=O)O)n(C)c2c(OC)c1OC,2.52,0.59,8.0,2.0,99.02,8.0,3.0
CHEMBL1956959,,CC1=C(C(=O)O)C(c2cccc(O)c2)NC(=O)N1,0.2,0.63,6.0,4.0,98.66,2.0,1.0
CHEMBL136666,,O=C(O)CN1CCN(c2nc3cccc(F)c3n3cccc23)CC1,-0.75,0.79,6.0,1.0,61.08,3.0,3.0
CHEMBL3499818,,CC1=N[C@@]2(CC[C@@H]3CN(Cc4ccccc4C)C[C@@H]32)C(=O)N1CC1CC1.O=C(O)C(F)(F)F,2.85,0.83,4.0,0.0,35.91,4.0,1.0
CHEMBL2133046,,Cc1cc(Nc2ccccc2C(=O)O)n2ncnc2n1,2.83,0.75,7.0,2.0,92.41,3.0,3.0
CHEMBL447866,,COc1ccc(NC(=O)[C@@H](O)CC(=O)O)cc1OC,0.01,0.69,7.0,3.0,105.09,6.0,1.0
CHEMBL2040587,,O=C(O)/C(O)=C/C(=O)C1(Cc2ccc(Cl)cc2)CCCN(Cc2ccccc2)C1,2.14,0.52,5.0,2.0,77.84,7.0,2.0
CHEMBL3298113,,COc1c(I)cc(I)cc1C(=O)O,3.33,0.77,3.0,1.0,46.53,2.0,1.0
CHEMBL3329968,,O=C1C=C(Nc2ccc(C(=O)O)cc2)C(=O)C=C1Nc1ccc(C(=O)O)cc1,2.17,0.56,8.0,4.0,132.8,6.0,2.0
CHEMBL65392,,COc1ccc(C2(C#N)CCN(CC(=O)O)CC2)cc1OC(C)C,-0.78,0.86,6.0,1.0,82.79,6.0,1.0
CHEMBL2011562,,O=C(O)C(F)(F)F.c1ccc2c(C3CCNCC3)cccc2c1,3.07,0.76,1.0,1.0,12.03,1.0,2.0
CHEMBL1864247,,CCN(CC)CCOC(=O)c1cccnc1.O.O=C(O)CC(O)(CC(=O)O)C(=O)O,1.49,0.69,4.0,0.0,42.43,6.0,1.0
CHEMBL3479167,,O=C(O)C1(Cc2ccc(Cl)cc2)CCN(c2ncccc2F)CC1,3.35,0.91,4.0,1.0,53.43,4.0,2.0
CHEMBL3500215,,CN1CCC2(C=C(C(=O)N3CCCC3)c3ccccc32)CC1.O=C(O)C(F)(F)F,2.07,0.8,3.0,0.0,23.55,1.0,1.0
CHEMBL3501617,,COC[C@]12COC[C@H]1CN(Cc1ccc3c(c1)OCO3)C2.O=C(O)C(F)(F)F,0.9,0.84,5.0,0.0,40.16,4.0,1.0
CHEMBL3278559,,O=C(O)c1cc(I)ccc1O,2.91,0.76,3.0,2.0,57.53,1.0,1.0
CHEMBL3394098,,CC(=O)Nc1cc(-c2c(-c3ccc(F)cc3)nc(SCCC(=O)O)n2C)ccn1,2.55,0.57,7.0,2.0,97.11,7.0,3.0
CHEMBL3948089,,O=C(O)CC(c1cccc(-c2ccnc(F)c2)c1)c1nccs1,3.22,0.72,4.0,1.0,63.08,5.0,3.0
CHEMBL550748,,O=C(O)c1ccccc1-c1nccn1C(=O)c1ccc([N+](=O)[O-])cc1,2.39,0.58,8.0,1.0,115.33,4.0,3.0
CHEMBL3289606,,NCc1ccc(NC(=O)N2C(=O)C[C@H]2C(=O)O)cc1.O=C(O)C(F)(F)F,-2.42,0.68,7.0,4.0,112.73,3.0,1.0
CHEMBL3499505,,O=C(O)C(F)(F)F.O=S(=O)(C1CC1)N1CCC2(CCN(Cc3nccs3)CC2)CC1,0.82,0.83,5.0,0.0,53.51,4.0,1.0
CHEMBL583257,,CCn1cc(C(=O)O)c(=O)c2cnc(N3CCN(C(=S)Nc4cccc(Cl)c4)CC3)nc21,3.48,0.55,9.0,2.0,103.59,4.0,3.0
CHEMBL2146906,,O=C(O)c1cc(O)cc(-c2ccccc2)c1,2.97,0.81,3.0,2.0,57.53,2.0,2.0
CHEMBL3502477,,CN(C)c1ncnc2c1CCN(CC1CCCC1)CC2.O=C(O)C(F)(F)F,2.72,0.85,4.0,0.0,32.26,3.0,1.0
CHEMBL1162430,,COc1cccc(CNC(=O)Cc2c(C(=O)O)[nH]c3ccc(Cl)cc23)c1,2.87,0.62,6.0,3.0,91.42,6.0,3.0
CHEMBL1270354,,COc1c(O)cc2c3c1-c1ccccc1C[C@H]3NCC2.O=C(O)C(F)(F)F,2.41,0.83,3.0,2.0,41.49,1.0,2.0
CHEMBL3670855,,O=C(O)CNC(=O)c1c(=O)oc(O)c2cccc(-c3cc(F)c(F)c(F)c3)c12,1.5,0.59,7.0,3.0,116.84,4.0,3.0
CHEMBL3959994,,COc1c(O)cc(-c2nc3cccnc3n(CC(=O)O)c2=O)cc1O,0.68,0.64,9.0,3.0,134.77,4.0,3.0
CHEMBL3134234,,COc1ccc(Cl)cc1C(=O)N[C@@H](Cc1ccc(OCC(=O)O)cc1)C(=O)O,2.52,0.58,8.0,3.0,122.16,9.0,2.0
CHEMBL3954445,,COc1cc(/C=C/c2nc3cccnc3n(CC(=O)O)c2=O)ccc1O,1.73,0.72,8.0,2.0,114.54,5.0,3.0
CHEMBL449572,JASMONIC ACID,CC/C=C\C[C@H]1C(=O)CC[C@@H]1CC(=O)O,2.41,0.71,3.0,1.0,54.37,5.0,0.0
CHEMBL2172247,,O=C(O)c1cccc(Nc2nc3ccccc3[nH]2)c1,1.42,0.67,5.0,3.0,78.01,3.0,3.0
CHEMBL3947280,,O=C(O)Cn1c(=O)c(/C=C/c2ccc(O)c(O)c2)nc2cc(Cl)cnc21,2.3,0.6,8.0,3.0,125.54,4.0,3.0
CHEMBL2436936,,Cc1nc(C(=O)NCC(=O)O)c(O)c2sc3ccccc3c12,2.14,0.69,6.0,3.0,99.52,3.0,3.0
CHEMBL4173606,,Cl.O=C(O)CNC(=O)c1c(O)cc(-c2ccccc2)c2ncnn12,1.22,0.66,8.0,3.0,116.82,4.0,3.0
CHEMBL4176703,,O=C(O)[C@@H](Cc1ccc(F)cc1)[C@H]1CS1,2.55,0.8,2.0,1.0,37.3,4.0,1.0
CHEMBL1987865,,COc1ccc(OC)c(CNc2ccc(C(=O)O)cc2)c1,2.51,0.85,5.0,2.0,67.79,6.0,2.0
CHEMBL1377769,,O=C(O)CN1C(=O)SC(Nc2ccccc2C(=O)O)C1=O,1.41,0.73,8.0,3.0,124.01,5.0,1.0
CHEMBL1889063,,Cc1cc(C(F)(F)F)n2nc(C(=O)O)c(Cl)c2n1,2.23,0.87,5.0,1.0,67.49,1.0,2.0
CHEMBL3677734,,O=C(O)c1cccc2[nH]c(-c3ccc(-c4cccc(F)c4)cc3)nc12,3.3,0.57,4.0,2.0,65.98,3.0,4.0
CHEMBL3358578,,C=C(C(=O)O)C(O)c1ccccc1Cl,2.04,0.75,3.0,2.0,57.53,3.0,1.0
CHEMBL4160873,,Cc1nc2c(-c3ccc(Cl)cc3)nc3ccccc3c2c(=O)n1CC(=O)O,2.96,0.55,6.0,1.0,85.08,3.0,4.0
CHEMBL1477587,,CC(=O)Nc1ccc(NC(=O)C2CCCCC2C(=O)O)cc1,1.78,0.8,6.0,3.0,95.5,4.0,1.0
CHEMBL2361679,,O=C(O)C[C@@H]1C[C@H]2c3cc(NC(=O)Nc4ccc(C(F)(F)F)cc4)ccc3O[C@H]2[C@@H](CO)O1,2.93,0.53,8.0,4.0,117.12,5.0,2.0
CHEMBL4228043,,CC(=O)O.Cc1oc(-c2ccc(C(=N)N)cc2)cc1-c1ccccc1,3.45,0.56,3.0,3.0,63.01,3.0,3.0
CHEMBL4112793,,O=C(O)C1CCN(C(=O)Nc2cnc3ccc(N4CCC[C@@H]4c4cc(F)ccc4F)nn23)CC1,2.85,0.6,9.0,2.0,103.07,4.0,3.0
CHEMBL4205939,,CCc1n[nH]c(CC)c1CCCOc1cc(C(=O)O)ccc1F,3.43,0.73,5.0,2.0,75.21,8.0,2.0
CHEMBL3593386,,C=C(CO)[C@@H]1CCC(C)=C([C@H](C)CCC(=O)O)C1,2.48,0.71,3.0,2.0,57.53,6.0,0.0
CHEMBL3952271,,O=C(Cn1c2c(c(-c3cc(Cl)ccc3Cl)cc1=O)C(=O)CC2)Nc1ccc(C(=O)O)cc1,3.37,0.58,7.0,2.0,105.47,5.0,3.0
CHEMBL3921815,,N#Cc1ccc(Cl)cc1-c1cc(=O)n(CC(=O)Nc2ccc(C(=O)O)cc2)c2c1C(=O)CCC2,3.07,0.58,8.0,2.0,129.26,5.0,3.0
CHEMBL493435,,O=C(O)c1ccc(CS(=O)(=O)c2ccccc2)o1,1.33,0.91,5.0,1.0,84.58,4.0,2.0
CHEMBL3741743,,O=C(O)C1CN(Cc2ccc(CCc3ccccc3)cc2)C1,1.22,0.89,3.0,1.0,40.54,6.0,2.0
CHEMBL3964542,,COc1cc(N(Cc2cc(F)cc3c2OCOC3)CC2CC2)cnc1C(=O)C1CC1C(=O)O,2.53,0.57,8.0,1.0,98.19,9.0,2.0
CHEMBL488121,,CC(C)(CCSCC[C@H](N)C(=O)O)CC(=O)O,-1.34,0.54,5.0,4.0,100.62,9.0,0.0
CHEMBL494578,,CCNCC1CCN(c2c(F)cc3c(=O)c(C(=O)O)cn4c3c2OC[C@@H]4C)C1,-0.7,0.82,7.0,2.0,83.8,5.0,2.0
CHEMBL4211914,,CC(=O)N1c2ccccc2N(Cc2ccccc2CC(=O)O)CC1C1CC1,3.21,0.88,5.0,1.0,60.85,5.0,2.0
CHEMBL3793508,,O=C1Cc2cc(-c3ccccc3C(=O)O)ccc2C(=O)N1,1.98,0.82,5.0,2.0,83.47,2.0,2.0
CHEMBL2359743,,O=C(O)c1nc(C(=O)NC2CC2)c(-c2ccccc2)[nH]1,1.38,0.79,6.0,3.0,95.08,4.0,2.0
CHEMBL3276375,,O=C(O)[C@@H]1CCCN1C(=O)OCc1ccccc1,1.86,0.89,5.0,1.0,66.84,3.0,1.0
CHEMBL3623003,,C[C@@H]1Cc2c([nH]c3ccccc23)[C@@H](c2ccc(/C=C/C(=O)O)cc2)N1CC(C)(C)F,2.71,0.56,4.0,2.0,56.33,5.0,3.0
CHEMBL469574,,CCCN1CC(c2ccc(S(C)(=O)=O)cc2)=C(c2ccc(C(=O)O)cc2)C1=O,2.36,0.81,6.0,1.0,91.75,6.0,2.0
CHEMBL3126035,,CN1C(=O)C(C(=O)O)C[C@@H]1c1cccnc1,-1.07,0.74,5.0,1.0,70.5,2.0,1.0
CHEMBL3133741,,O=C(O)CCCN1N=C2c3ccccc3CCC2CC1=O,1.82,0.92,5.0,1.0,69.97,4.0,1.0
CHEMBL3704879,,CC(C)CC1C(=O)N(CC(O)C(=O)O)C(=O)C1c1ccc(O)cc1,1.32,0.67,7.0,3.0,115.14,6.0,1.0
CHEMBL1911914,,C[C@H](Oc1cc([C@H](CN)CC(=O)O)ccc1Cl)c1ccncc1,-0.02,0.81,5.0,3.0,85.44,7.0,2.0
CHEMBL1888711,,O=C(O)c1ccc(S(=O)(=O)NCC2CCCO2)cc1,0.88,0.84,6.0,2.0,92.7,5.0,1.0
CHEMBL4061943,,O=C(O)CCc1nc2cc(Cl)c(Cl)cc2[nH]1,1.04,0.89,4.0,2.0,65.98,3.0,2.0
CHEMBL3946154,,O=C(NCc1ccc(Cl)cc1)c1cc2cccnc2n(CC(=O)N2CCC(C(=O)O)C2)c1=O,0.89,0.57,9.0,2.0,121.6,6.0,3.0
CHEMBL4175954,,C[C@@H](O)[C@H]1C(=O)N2C(C(=O)O)=C(S[C@@H]3CN[C@H](C(=O)N(C)C)C3)[C@H](C)[C@H]12.O.O.O,-4.35,0.56,8.0,3.0,110.18,5.0,0.0
CHEMBL3247397,,COc1ccc(OCC(=O)O)cc1,1.14,0.76,4.0,1.0,55.76,4.0,1.0
CHEMBL1734680,,CCC(C)C(NC(=O)c1ccccc1NC(=O)c1ccco1)C(=O)O,3.23,0.72,7.0,3.0,108.64,7.0,2.0
CHEMBL4067564,,O=C(O)c1cccc2nc3cc(Br)ccc3nc12,3.49,0.7,4.0,1.0,63.08,1.0,3.0
CHEMBL4279490,,Cc1cc(Cl)ccc1-c1c(-c2cc(C(=O)O)ccn2)ncn1C,3.33,0.79,5.0,1.0,68.01,3.0,3.0
CHEMBL2435518,,O=C(O)/C=C/c1cc(O)c2oc(-c3ccccc3O)cc2c1,3.26,0.64,5.0,3.0,90.9,3.0,3.0
CHEMBL392881,,CC(C#Cc1cnc(Oc2ccc(OC(C)C)cc2)s1)NC(=O)C(=O)O,3.14,0.62,7.0,2.0,97.75,5.0,2.0
CHEMBL3671895,,O=C(O)c1ncc2c(=O)n(Cc3ccccc3)ccc2c1O,0.77,0.77,6.0,2.0,92.42,3.0,3.0
CHEMBL3671018,,CC[C@@H](Nc1cccc(CN2CC(C(=O)O)C2)c1)c1ccc(Cl)c(C)c1,1.94,0.74,4.0,2.0,52.57,7.0,2.0
CHEMBL4064564,,CCC(=O)c1cccc(CC(=O)O)c1Cl,2.47,0.8,3.0,1.0,54.37,4.0,1.0
CHEMBL435241,,COC(=O)C[C@H](C)NC(=O)[C@H](N)CC(=O)O,-3.79,0.5,7.0,4.0,118.72,6.0,0.0
CHEMBL1967249,,CC1CCC2C(C)C(OC(=O)CCC(=O)O)OC3OC4(C)CCC1C32OO4,3.1,0.58,8.0,1.0,100.52,4.0,0.0
CHEMBL1391638,,Cc1cc(OCC(=O)Nc2cnn(CCCC(=O)O)c2)ccc1[N+](=O)[O-],1.61,0.51,10.0,2.0,136.59,9.0,2.0
CHEMBL3248521,,N[C@@H](CCC(=O)Nc1cccc(O)c1)C(=O)O,-2.06,0.6,6.0,5.0,112.65,5.0,1.0
CHEMBL1997053,,CCCN(CCC)c1cc2c(cc1F)c(=O)c(C(=O)O)cn2-c1ccc(N2CCN(C)CC2)cn1,2.19,0.53,8.0,1.0,81.91,8.0,3.0
CHEMBL187519,,CC(SC1=CC(=O)c2c(O)ccc(O)c2C1=O)C(=O)O,2.3,0.73,6.0,3.0,111.9,3.0,1.0
CHEMBL1087830,,O=C(O)C1C(c2ccccc2)C(C(=O)OCCO)C1c1ccccc1,2.52,0.79,5.0,2.0,83.83,6.0,2.0
CHEMBL3656462,,CCSc1nc(N2C[C@@H]3[C@H](C2)[C@H]3C(=O)O)ccc1C(=O)NC1C2CC3CC(C2)CC1C3,2.74,0.66,6.0,2.0,82.53,6.0,1.0
CHEMBL2153815,,C/C(=N\Nc1ncnc2ccccc12)C(=O)O,2.23,0.62,6.0,2.0,87.47,3.0,2.0
CHEMBL467755,,C[C@H](CS)C(=O)N[C@@H](CSCc1ccc(F)cc1)C(=O)O,2.65,0.64,4.0,2.0,66.4,8.0,1.0
CHEMBL3670723,,CC1(C)CC(C)(C)c2cc(CN3CCC4(CC3)CN(c3ccc(C(=O)O)cc3)C(=O)O4)ccc2O1,1.74,0.65,7.0,1.0,79.31,4.0,2.0
CHEMBL4245697,,C[C@H](Cc1ccc(OCc2cccc(C#N)c2)cc1)N(C)CC(=O)O,0.79,0.8,5.0,1.0,73.56,8.0,2.0
CHEMBL2448814,,N[C@@H](Cc1ccccc1)C(=O)N[C@H](Cc1ccccc1)C(=O)O,-0.07,0.72,5.0,4.0,92.42,7.0,2.0
CHEMBL1416111,,COc1ccc(S(=O)(=O)Nc2c(C(=O)O)[nH]c3ccccc23)c(OC)c1,1.82,0.61,8.0,3.0,117.72,6.0,3.0
CHEMBL8370,,O=C(O)CN(C(=O)c1cccc([N+](=O)[O-])c1)c1ccc([N+](=O)[O-])cc1,2.29,0.62,10.0,1.0,143.89,6.0,2.0
CHEMBL3884245,,CC(=O)Nc1ccc(-c2cc(C(=O)O)c3cc4c(cc3n2)OCCO4)cc1,2.43,0.74,7.0,2.0,97.75,3.0,3.0
CHEMBL1975569,,Cc1ccc2oc(=O)cc(CC(=O)O)c2c1,1.72,0.78,4.0,1.0,67.51,2.0,2.0
CHEMBL1890380,,CC(C)Cc1cc(C(=O)O)c2ccccc2n1,3.11,0.88,3.0,1.0,50.19,3.0,2.0
CHEMBL4295114,,COc1ccc(S(=O)(=O)Nc2cc(C(=O)O)ccc2F)c2ccccc12,3.09,0.71,6.0,2.0,92.7,5.0,3.0
CHEMBL4291763,,O=C(O)CS(=O)(=O)c1ccc(OCCCOc2cccc(Cl)c2)cc1,2.9,0.67,6.0,1.0,89.9,9.0,2.0
CHEMBL546609,,O=C(NC1CCCCN(Cc2ccccc2O)C1)c1cccc(Cl)c1.O=C(O)C(F)(F)F,3.24,0.87,4.0,2.0,52.57,4.0,2.0
CHEMBL3449025,,O=C(O)COCC(=O)NC1CC2(CCCCC2)Oc2ccccc21,1.74,0.86,6.0,2.0,84.86,5.0,1.0
CHEMBL529928,,Cc1ccccc1N1CCN(c2ccc(C(=O)NC3CC3)cn2)CC1.O=C(O)C(F)(F)F,3.25,0.93,5.0,1.0,48.47,4.0,2.0
